timestamp,userID,diningHall
2024-11-18T07:00:10Z,u487,Frary
2024-11-18T07:00:43Z,u414,Frary
2024-11-18T07:00:59Z,u355,Frary
2024-11-18T07:01:10Z,u188,Frary
2024-11-18T07:01:28Z,u023,Frary
2024-11-18T07:01:56Z,u293,Frary
2024-11-18T07:02:07Z,u349,Frary
2024-11-18T07:02:30Z,u030,Frary
2024-11-18T07:03:02Z,u120,Frary
2024-11-18T07:03:11Z,u105,Frary
2024-11-18T07:03:39Z,u042,Frary
2024-11-18T07:04:05Z,u317,Frary
2024-11-18T07:04:38Z,u338,Frary
2024-11-18T07:04:48Z,u106,Frary
2024-11-18T07:05:25Z,u458,Frary
2024-11-18T07:05:47Z,u307,Frary
2024-11-18T07:06:11Z,u218,Frary
2024-11-18T07:06:39Z,u007,Frary
2024-11-18T07:06:45Z,u356,Frary
2024-11-18T07:07:21Z,u169,Frary
2024-11-18T07:07:56Z,u416,Frary
2024-11-18T07:08:21Z,u132,Frary
2024-11-18T07:08:47Z,u118,Frary
2024-11-18T07:09:06Z,u069,Frary
2024-11-18T07:09:15Z,u187,Frary
2024-11-18T07:09:23Z,u047,Frary
2024-11-18T07:09:29Z,u231,Frary
2024-11-18T07:09:59Z,u319,Frary
2024-11-18T07:10:23Z,u118,Frary
2024-11-18T07:10:45Z,u016,Frary
2024-11-18T07:11:21Z,u279,Frary
2024-11-18T07:11:38Z,u406,Frary
2024-11-18T07:11:58Z,u008,Frary
2024-11-18T07:12:10Z,u113,Frary
2024-11-18T07:12:33Z,u239,Frary
2024-11-18T07:12:56Z,u328,Frary
2024-11-18T07:13:21Z,u221,Frary
2024-11-18T07:13:32Z,u481,Frary
2024-11-18T07:13:59Z,u236,Frary
2024-11-18T07:14:34Z,u037,Frary
2024-11-18T07:14:51Z,u195,Frary
2024-11-18T07:15:04Z,u138,Frary
2024-11-18T07:15:29Z,u406,Frary
2024-11-18T07:16:02Z,u448,Frary
2024-11-18T07:16:21Z,u375,Frary
2024-11-18T07:16:50Z,u392,Frary
2024-11-18T07:17:00Z,u245,Frary
2024-11-18T07:17:24Z,u297,Frary
2024-11-18T07:17:51Z,u351,Frary
2024-11-18T07:18:28Z,u094,Frary
2024-11-18T07:19:06Z,u430,Frary
2024-11-18T07:19:11Z,u430,Frary
2024-11-18T07:19:35Z,u053,Frary
2024-11-18T07:19:58Z,u287,Frary
2024-11-18T07:20:32Z,u208,Frary
2024-11-18T07:21:02Z,u097,Frary
2024-11-18T07:21:26Z,u072,Frary
2024-11-18T07:21:33Z,u223,Frary
2024-11-18T07:21:41Z,u352,Frary
2024-11-18T07:21:58Z,u301,Frary
2024-11-18T07:22:30Z,u259,Frary
2024-11-18T07:23:09Z,u284,Frary
2024-11-18T07:23:37Z,u038,Frary
2024-11-18T07:23:54Z,u042,Frary
2024-11-18T07:24:21Z,u027,Frary
2024-11-18T07:24:38Z,u452,Frary
2024-11-18T07:24:52Z,u126,Frary
2024-11-18T07:25:17Z,u474,Frary
2024-11-18T07:25:55Z,u426,Frary
2024-11-18T07:26:27Z,u070,Frary
2024-11-18T07:26:52Z,u328,Frary
2024-11-18T07:27:08Z,u398,Frary
2024-11-18T07:27:27Z,u254,Frary
2024-11-18T07:27:32Z,u474,Frary
2024-11-18T07:27:40Z,u155,Frary
2024-11-18T07:27:54Z,u368,Frary
2024-11-18T07:28:14Z,u327,Frary
2024-11-18T07:28:39Z,u371,Frary
2024-11-18T07:29:05Z,u183,Frary
2024-11-18T07:29:28Z,u056,Frary
2024-11-18T07:30:02Z,u346,Frary
2024-11-18T07:30:15Z,u001,Frary
2024-11-18T07:30:26Z,u381,Frary
2024-11-18T07:31:00Z,u007,Frary
2024-11-18T07:31:34Z,u145,Frary
2024-11-18T07:31:43Z,u137,Frary
2024-11-18T07:32:22Z,u061,Frary
2024-11-18T07:32:40Z,u439,Frary
2024-11-18T07:33:01Z,u333,Frary
2024-11-18T07:33:38Z,u242,Frary
2024-11-18T07:34:18Z,u334,Frary
2024-11-18T07:34:24Z,u285,Frary
2024-11-18T07:35:01Z,u022,Frary
2024-11-18T07:35:30Z,u099,Frary
2024-11-18T07:36:02Z,u312,Frary
2024-11-18T07:36:22Z,u493,Frary
2024-11-18T07:36:58Z,u476,Frary
2024-11-18T07:37:31Z,u433,Frary
2024-11-18T07:37:40Z,u115,Frary
2024-11-18T07:38:15Z,u147,Frary
2024-11-18T07:38:50Z,u083,Frary
2024-11-18T07:38:57Z,u248,Frary
2024-11-18T07:39:13Z,u084,Frary
2024-11-18T07:39:48Z,u202,Frary
2024-11-18T07:40:26Z,u172,Frary
2024-11-18T07:40:57Z,u471,Frary
2024-11-18T07:41:18Z,u329,Frary
2024-11-18T07:41:35Z,u145,Frary
2024-11-18T07:42:12Z,u203,Frary
2024-11-18T07:42:38Z,u120,Frary
2024-11-18T07:43:01Z,u405,Frary
2024-11-18T07:43:09Z,u013,Frary
2024-11-18T07:43:43Z,u162,Frary
2024-11-18T07:44:09Z,u254,Frary
2024-11-18T07:44:45Z,u447,Frary
2024-11-18T07:45:05Z,u112,Frary
2024-11-18T07:45:20Z,u054,Frary
2024-11-18T07:45:38Z,u068,Frary
2024-11-18T07:46:17Z,u369,Frary
2024-11-18T07:46:40Z,u186,Frary
2024-11-18T07:46:58Z,u037,Frary
2024-11-18T07:47:36Z,u451,Frary
2024-11-18T07:47:46Z,u047,Frary
2024-11-18T07:47:53Z,u446,Frary
2024-11-18T07:48:00Z,u360,Frary
2024-11-18T07:48:11Z,u068,Frary
2024-11-18T07:48:38Z,u481,Frary
2024-11-18T07:48:58Z,u407,Frary
2024-11-18T07:49:35Z,u077,Frary
2024-11-18T07:49:52Z,u411,Frary
2024-11-18T07:50:25Z,u460,Frary
2024-11-18T07:50:38Z,u361,Frary
2024-11-18T07:50:51Z,u370,Frary
2024-11-18T07:51:16Z,u125,Frary
2024-11-18T07:51:43Z,u039,Frary
2024-11-18T07:52:06Z,u311,Frary
2024-11-18T07:52:20Z,u433,Frary
2024-11-18T07:52:34Z,u410,Frary
2024-11-18T07:53:06Z,u449,Frary
2024-11-18T07:53:15Z,u454,Frary
2024-11-18T07:53:35Z,u298,Frary
2024-11-18T07:53:53Z,u402,Frary
2024-11-18T07:54:29Z,u443,Frary
2024-11-18T07:54:58Z,u489,Frary
2024-11-18T07:55:16Z,u256,Frary
2024-11-18T07:55:36Z,u206,Frary
2024-11-18T07:55:59Z,u171,Frary
2024-11-18T07:56:25Z,u343,Frary
2024-11-18T07:56:43Z,u436,Frary
2024-11-18T07:56:49Z,u389,Frary
2024-11-18T07:57:00Z,u404,Frary
2024-11-18T07:57:20Z,u416,Frary
2024-11-18T07:57:45Z,u253,Frary
2024-11-18T07:58:08Z,u065,Frary
2024-11-18T07:58:48Z,u164,Frary
2024-11-18T07:59:09Z,u216,Frary
2024-11-18T07:59:27Z,u464,Frary
2024-11-18T07:59:57Z,u039,Frary
2024-11-18T08:00:20Z,u269,Frary
2024-11-18T08:00:57Z,u470,Frary
2024-11-18T08:01:26Z,u477,Frary
2024-11-18T08:01:59Z,u226,Frary
2024-11-18T08:02:33Z,u013,Frary
2024-11-18T08:02:46Z,u222,Frary
2024-11-18T08:03:12Z,u258,Frary
2024-11-18T08:03:42Z,u298,Frary
2024-11-18T08:03:58Z,u412,Frary
2024-11-18T08:04:30Z,u091,Frary
2024-11-18T08:04:35Z,u297,Frary
2024-11-18T08:04:53Z,u072,Frary
2024-11-18T08:04:59Z,u064,Frary
2024-11-18T08:05:19Z,u299,Frary
2024-11-18T08:05:45Z,u034,Frary
2024-11-18T08:05:57Z,u076,Frary
2024-11-18T08:06:03Z,u042,Frary
2024-11-18T08:06:17Z,u071,Frary
2024-11-18T08:06:37Z,u235,Frary
2024-11-18T08:07:16Z,u122,Frary
2024-11-18T08:07:24Z,u015,Frary
2024-11-18T08:07:58Z,u293,Frary
2024-11-18T08:08:25Z,u111,Frary
2024-11-18T08:08:47Z,u283,Frary
2024-11-18T08:08:52Z,u423,Frary
2024-11-18T08:09:09Z,u469,Frary
2024-11-18T08:09:21Z,u244,Frary
2024-11-18T08:09:56Z,u287,Frary
2024-11-18T08:10:29Z,u028,Frary
2024-11-18T08:10:41Z,u148,Frary
2024-11-18T08:11:00Z,u338,Frary
2024-11-18T08:11:40Z,u151,Frary
2024-11-18T08:12:11Z,u338,Frary
2024-11-18T08:12:28Z,u280,Frary
2024-11-18T08:12:45Z,u244,Frary
2024-11-18T08:13:24Z,u314,Frary
2024-11-18T08:13:42Z,u405,Frary
2024-11-18T08:14:06Z,u066,Frary
2024-11-18T08:14:18Z,u232,Frary
2024-11-18T08:14:53Z,u044,Frary
2024-11-18T08:15:11Z,u308,Frary
2024-11-18T08:15:27Z,u213,Frary
2024-11-18T08:16:03Z,u300,Frary
2024-11-18T08:16:33Z,u340,Frary
2024-11-18T08:17:04Z,u473,Frary
2024-11-18T08:17:31Z,u341,Frary
2024-11-18T08:18:03Z,u282,Frary
2024-11-18T08:18:17Z,u391,Frary
2024-11-18T08:18:50Z,u218,Frary
2024-11-18T08:19:18Z,u009,Frary
2024-11-18T08:19:32Z,u008,Frary
2024-11-18T08:19:52Z,u262,Frary
2024-11-18T08:20:30Z,u486,Frary
2024-11-18T08:20:42Z,u246,Frary
2024-11-18T08:20:51Z,u337,Frary
2024-11-18T08:20:58Z,u233,Frary
2024-11-18T08:21:32Z,u267,Frary
2024-11-18T08:21:49Z,u093,Frary
2024-11-18T08:21:58Z,u137,Frary
2024-11-18T08:22:09Z,u398,Frary
2024-11-18T08:22:39Z,u025,Frary
2024-11-18T08:23:06Z,u420,Frary
2024-11-18T08:23:33Z,u259,Frary
2024-11-18T08:23:40Z,u363,Frary
2024-11-18T08:24:08Z,u399,Frary
2024-11-18T08:24:32Z,u364,Frary
2024-11-18T08:25:06Z,u499,Frary
2024-11-18T08:25:35Z,u241,Frary
2024-11-18T08:25:59Z,u304,Frary
2024-11-18T08:26:39Z,u320,Frary
2024-11-18T08:26:51Z,u064,Frary
2024-11-18T08:27:08Z,u446,Frary
2024-11-18T08:27:14Z,u293,Frary
2024-11-18T08:27:28Z,u297,Frary
2024-11-18T08:27:37Z,u136,Frary
2024-11-18T08:27:53Z,u165,Frary
2024-11-18T08:28:26Z,u163,Frary
2024-11-18T08:28:59Z,u303,Frary
2024-11-18T08:29:38Z,u015,Frary
2024-11-18T08:29:54Z,u082,Frary
2024-11-18T08:30:13Z,u014,Frary
2024-11-18T08:30:20Z,u094,Frary
2024-11-18T08:30:43Z,u223,Frary
2024-11-18T08:31:11Z,u126,Frary
2024-11-18T08:31:42Z,u344,Frary
2024-11-18T08:32:10Z,u452,Frary
2024-11-18T08:32:36Z,u395,Frary
2024-11-18T08:32:57Z,u279,Frary
2024-11-18T08:33:03Z,u332,Frary
2024-11-18T08:33:37Z,u136,Frary
2024-11-18T08:33:45Z,u046,Frary
2024-11-18T08:33:58Z,u497,Frary
2024-11-18T08:34:24Z,u369,Frary
2024-11-18T08:35:01Z,u139,Frary
2024-11-18T08:35:22Z,u128,Frary
2024-11-18T08:35:52Z,u322,Frary
2024-11-18T08:36:02Z,u452,Frary
2024-11-18T08:36:10Z,u418,Frary
2024-11-18T08:36:32Z,u358,Frary
2024-11-18T08:37:07Z,u212,Frary
2024-11-18T08:37:15Z,u417,Frary
2024-11-18T08:37:27Z,u220,Frary
2024-11-18T08:38:00Z,u258,Frary
2024-11-18T08:38:16Z,u088,Frary
2024-11-18T08:38:44Z,u321,Frary
2024-11-18T08:39:19Z,u468,Frary
2024-11-18T08:39:31Z,u277,Frary
2024-11-18T08:39:55Z,u104,Frary
2024-11-18T08:40:32Z,u496,Frary
2024-11-18T08:41:01Z,u407,Frary
2024-11-18T08:41:19Z,u081,Frary
2024-11-18T08:41:30Z,u209,Frary
2024-11-18T08:41:38Z,u169,Frary
2024-11-18T08:42:10Z,u117,Frary
2024-11-18T08:42:38Z,u130,Frary
2024-11-18T08:42:55Z,u115,Frary
2024-11-18T08:43:05Z,u174,Frary
2024-11-18T08:43:33Z,u121,Frary
2024-11-18T08:43:42Z,u137,Frary
2024-11-18T08:44:02Z,u317,Frary
2024-11-18T08:44:37Z,u319,Frary
2024-11-18T08:45:08Z,u342,Frary
2024-11-18T08:45:41Z,u375,Frary
2024-11-18T08:45:58Z,u045,Frary
2024-11-18T08:46:36Z,u051,Frary
2024-11-18T08:47:00Z,u162,Frary
2024-11-18T08:47:37Z,u092,Frary
2024-11-18T08:47:46Z,u092,Frary
2024-11-18T08:47:57Z,u340,Frary
2024-11-18T08:48:29Z,u201,Frary
2024-11-18T08:48:57Z,u283,Frary
2024-11-18T08:49:27Z,u147,Frary
2024-11-18T08:49:54Z,u117,Frary
2024-11-18T08:50:01Z,u351,Frary
2024-11-18T08:50:30Z,u454,Frary
2024-11-18T08:51:03Z,u270,Frary
2024-11-18T08:51:10Z,u362,Frary
2024-11-18T08:51:28Z,u123,Frary
2024-11-18T08:51:57Z,u367,Frary
2024-11-18T08:52:19Z,u276,Frary
2024-11-18T08:52:57Z,u357,Frary
2024-11-18T08:53:36Z,u053,Frary
2024-11-18T08:54:03Z,u265,Frary
2024-11-18T08:54:30Z,u467,Frary
2024-11-18T08:54:38Z,u401,Frary
2024-11-18T08:55:02Z,u103,Frary
2024-11-18T08:55:09Z,u339,Frary
2024-11-18T08:55:27Z,u168,Frary
2024-11-18T08:55:47Z,u285,Frary
2024-11-18T08:56:25Z,u421,Frary
2024-11-18T08:56:49Z,u313,Frary
2024-11-18T08:57:08Z,u164,Frary
2024-11-18T08:57:19Z,u477,Frary
2024-11-18T08:57:35Z,u235,Frary
2024-11-18T08:58:00Z,u408,Frary
2024-11-18T08:58:27Z,u281,Frary
2024-11-18T08:58:59Z,u495,Frary
2024-11-18T08:59:16Z,u441,Frary
2024-11-18T08:59:54Z,u125,Frary
2024-11-18T09:00:26Z,u230,Frary
2024-11-18T09:00:57Z,u358,Frary
2024-11-18T09:01:19Z,u231,Frary
2024-11-18T09:01:53Z,u419,Frary
2024-11-18T09:02:13Z,u222,Frary
2024-11-18T09:02:46Z,u268,Frary
2024-11-18T09:03:01Z,u426,Frary
2024-11-18T09:03:35Z,u494,Frary
2024-11-18T09:03:45Z,u484,Frary
2024-11-18T09:04:19Z,u409,Frary
2024-11-18T09:04:27Z,u229,Frary
2024-11-18T09:04:54Z,u266,Frary
2024-11-18T09:05:12Z,u365,Frary
2024-11-18T09:05:20Z,u250,Frary
2024-11-18T09:05:39Z,u097,Frary
2024-11-18T09:06:07Z,u455,Frary
2024-11-18T09:06:40Z,u494,Frary
2024-11-18T09:06:46Z,u341,Frary
2024-11-18T09:07:10Z,u315,Frary
2024-11-18T09:07:23Z,u073,Frary
2024-11-18T09:07:36Z,u451,Frary
2024-11-18T09:07:57Z,u287,Frary
2024-11-18T09:08:07Z,u495,Frary
2024-11-18T09:08:13Z,u241,Frary
2024-11-18T09:08:29Z,u400,Frary
2024-11-18T09:08:41Z,u486,Frary
2024-11-18T09:09:01Z,u189,Frary
2024-11-18T09:09:29Z,u373,Frary
2024-11-18T09:09:59Z,u071,Frary
2024-11-18T09:10:34Z,u157,Frary
2024-11-18T09:10:49Z,u071,Frary
2024-11-18T09:11:15Z,u045,Frary
2024-11-18T09:11:55Z,u486,Frary
2024-11-18T09:12:09Z,u229,Frary
2024-11-18T09:12:15Z,u467,Frary
2024-11-18T09:12:29Z,u202,Frary
2024-11-18T09:12:41Z,u027,Frary
2024-11-18T09:13:18Z,u423,Frary
2024-11-18T09:13:37Z,u003,Frary
2024-11-18T09:13:43Z,u037,Frary
2024-11-18T09:14:11Z,u409,Frary
2024-11-18T09:14:44Z,u490,Frary
2024-11-18T09:14:54Z,u365,Frary
2024-11-18T09:15:34Z,u180,Frary
2024-11-18T09:16:12Z,u051,Frary
2024-11-18T09:16:22Z,u095,Frary
2024-11-18T09:16:34Z,u241,Frary
2024-11-18T09:16:50Z,u488,Frary
2024-11-18T09:17:14Z,u318,Frary
2024-11-18T09:17:34Z,u028,Frary
2024-11-18T09:17:44Z,u145,Frary
2024-11-18T09:18:10Z,u382,Frary
2024-11-18T09:18:18Z,u450,Frary
2024-11-18T09:18:46Z,u487,Frary
2024-11-18T09:18:59Z,u295,Frary
2024-11-18T09:19:12Z,u064,Frary
2024-11-18T09:19:40Z,u079,Frary
2024-11-18T09:19:53Z,u104,Frary
2024-11-18T09:20:21Z,u379,Frary
2024-11-18T09:20:53Z,u343,Frary
2024-11-18T09:21:25Z,u363,Frary
2024-11-18T09:21:47Z,u424,Frary
2024-11-18T09:22:27Z,u304,Frary
2024-11-18T09:22:44Z,u098,Frary
2024-11-18T09:23:06Z,u062,Frary
2024-11-18T09:23:27Z,u044,Frary
2024-11-18T09:23:45Z,u178,Frary
2024-11-18T09:24:17Z,u312,Frary
2024-11-18T09:24:28Z,u308,Frary
2024-11-18T09:24:50Z,u021,Frary
2024-11-18T09:25:01Z,u147,Frary
2024-11-18T09:25:39Z,u323,Frary
2024-11-18T09:26:10Z,u392,Frary
2024-11-18T09:26:26Z,u299,Frary
2024-11-18T09:26:40Z,u455,Frary
2024-11-18T09:27:05Z,u003,Frary
2024-11-18T09:27:30Z,u341,Frary
2024-11-18T09:27:46Z,u167,Frary
2024-11-18T09:27:55Z,u369,Frary
2024-11-18T09:28:28Z,u369,Frary
2024-11-18T09:28:42Z,u181,Frary
2024-11-18T09:29:06Z,u500,Frary
2024-11-18T09:29:22Z,u196,Frary
2024-11-18T09:29:52Z,u142,Frary
2024-11-18T09:30:31Z,u216,Frary
2024-11-18T09:30:40Z,u322,Frary
2024-11-18T09:31:19Z,u283,Frary
2024-11-18T09:31:52Z,u140,Frary
2024-11-18T09:32:06Z,u197,Frary
2024-11-18T09:32:32Z,u223,Frary
2024-11-18T09:32:43Z,u167,Frary
2024-11-18T09:32:50Z,u197,Frary
2024-11-18T09:33:27Z,u263,Frary
2024-11-18T09:33:33Z,u030,Frary
2024-11-18T09:34:04Z,u463,Frary
2024-11-18T09:34:09Z,u146,Frary
2024-11-18T09:34:37Z,u342,Frary
2024-11-18T09:34:48Z,u095,Frary
2024-11-18T09:35:15Z,u156,Frary
2024-11-18T09:35:39Z,u351,Frary
2024-11-18T09:35:57Z,u213,Frary
2024-11-18T09:36:29Z,u373,Frary
2024-11-18T09:37:05Z,u340,Frary
2024-11-18T09:37:41Z,u455,Frary
2024-11-18T09:37:53Z,u473,Frary
2024-11-18T09:38:13Z,u095,Frary
2024-11-18T09:38:39Z,u397,Frary
2024-11-18T09:38:44Z,u201,Frary
2024-11-18T09:39:22Z,u002,Frary
2024-11-18T09:39:34Z,u053,Frary
2024-11-18T09:39:58Z,u364,Frary
2024-11-18T09:40:20Z,u303,Frary
2024-11-18T09:40:31Z,u237,Frary
2024-11-18T09:40:53Z,u329,Frary
2024-11-18T09:41:21Z,u324,Frary
2024-11-18T09:41:38Z,u089,Frary
2024-11-18T09:41:52Z,u119,Frary
2024-11-18T09:42:13Z,u049,Frary
2024-11-18T09:42:31Z,u050,Frary
2024-11-18T09:42:52Z,u083,Frary
2024-11-18T09:43:28Z,u183,Frary
2024-11-18T09:43:45Z,u160,Frary
2024-11-18T09:44:10Z,u337,Frary
2024-11-18T09:44:41Z,u138,Frary
2024-11-18T09:44:56Z,u016,Frary
2024-11-18T09:45:35Z,u342,Frary
2024-11-18T09:46:08Z,u154,Frary
2024-11-18T09:46:20Z,u071,Frary
2024-11-18T09:46:38Z,u463,Frary
2024-11-18T09:47:01Z,u172,Frary
2024-11-18T09:47:23Z,u247,Frary
2024-11-18T09:47:43Z,u428,Frary
2024-11-18T09:48:16Z,u431,Frary
2024-11-18T09:48:26Z,u013,Frary
2024-11-18T09:49:06Z,u465,Frary
2024-11-18T09:49:12Z,u017,Frary
2024-11-18T09:49:37Z,u089,Frary
2024-11-18T09:49:59Z,u486,Frary
2024-11-18T09:50:21Z,u396,Frary
2024-11-18T09:50:40Z,u224,Frary
2024-11-18T09:51:04Z,u299,Frary
2024-11-18T09:51:19Z,u170,Frary
2024-11-18T09:51:44Z,u052,Frary
2024-11-18T09:52:04Z,u065,Frary
2024-11-18T09:52:20Z,u138,Frary
2024-11-18T09:52:37Z,u380,Frary
2024-11-18T09:53:16Z,u463,Frary
2024-11-18T09:53:48Z,u297,Frary
2024-11-18T09:54:15Z,u213,Frary
2024-11-18T09:54:55Z,u265,Frary
2024-11-18T09:55:33Z,u436,Frary
2024-11-18T09:55:45Z,u132,Frary
2024-11-18T09:55:54Z,u358,Frary
2024-11-18T09:56:07Z,u223,Frary
2024-11-18T09:56:25Z,u159,Frary
2024-11-18T09:56:33Z,u042,Frary
2024-11-18T09:56:53Z,u426,Frary
2024-11-18T09:57:33Z,u343,Frary
2024-11-18T09:58:10Z,u328,Frary
2024-11-18T09:58:44Z,u428,Frary
2024-11-18T09:58:53Z,u171,Frary
2024-11-18T09:59:13Z,u315,Frary
2024-11-18T09:59:27Z,u117,Frary
2024-11-18T10:00:07Z,u081,Frary
2024-11-18T10:00:20Z,u453,Frary
2024-11-18T10:00:58Z,u209,Frary
2024-11-18T10:01:11Z,u042,Frary
2024-11-18T10:01:28Z,u374,Frary
2024-11-18T10:01:50Z,u234,Frary
2024-11-18T10:02:01Z,u197,Frary
2024-11-18T10:02:34Z,u330,Frary
2024-11-18T10:02:56Z,u190,Frary
2024-11-18T10:03:01Z,u237,Frary
2024-11-18T10:03:16Z,u063,Frary
2024-11-18T10:03:23Z,u068,Frary
2024-11-18T10:03:53Z,u130,Frary
2024-11-18T10:04:26Z,u222,Frary
2024-11-18T10:04:45Z,u312,Frary
2024-11-18T10:04:56Z,u195,Frary
2024-11-18T10:05:13Z,u091,Frary
2024-11-18T10:05:46Z,u459,Frary
2024-11-18T10:06:24Z,u270,Frary
2024-11-18T10:06:50Z,u149,Frary
2024-11-18T10:07:28Z,u352,Frary
2024-11-18T10:07:49Z,u309,Frary
2024-11-18T10:08:10Z,u253,Frary
2024-11-18T10:08:37Z,u439,Frary
2024-11-18T10:08:59Z,u442,Frary
2024-11-18T10:09:36Z,u108,Frary
2024-11-18T10:09:42Z,u246,Frary
2024-11-18T10:10:20Z,u063,Frary
2024-11-18T10:10:58Z,u004,Frary
2024-11-18T10:11:20Z,u453,Frary
2024-11-18T10:11:26Z,u346,Frary
2024-11-18T10:11:59Z,u071,Frary
2024-11-18T10:12:22Z,u394,Frary
2024-11-18T10:12:47Z,u220,Frary
2024-11-18T10:13:23Z,u310,Frary
2024-11-18T10:13:56Z,u110,Frary
2024-11-18T10:14:33Z,u039,Frary
2024-11-18T10:15:08Z,u007,Frary
2024-11-18T10:15:17Z,u340,Frary
2024-11-18T10:15:53Z,u353,Frary
2024-11-18T10:16:07Z,u205,Frary
2024-11-18T10:16:28Z,u328,Frary
2024-11-18T10:16:50Z,u118,Frary
2024-11-18T10:17:12Z,u051,Frary
2024-11-18T10:17:18Z,u455,Frary
2024-11-18T10:17:33Z,u391,Frary
2024-11-18T10:17:48Z,u084,Frary
2024-11-18T10:17:53Z,u173,Frary
2024-11-18T10:18:07Z,u318,Frary
2024-11-18T10:18:13Z,u486,Frary
2024-11-18T10:18:37Z,u309,Frary
2024-11-18T10:19:04Z,u208,Frary
2024-11-18T10:19:40Z,u109,Frary
2024-11-18T10:20:08Z,u500,Frary
2024-11-18T10:20:20Z,u459,Frary
2024-11-18T10:20:51Z,u178,Frary
2024-11-18T10:21:18Z,u280,Frary
2024-11-18T10:21:41Z,u396,Frary
2024-11-18T10:21:51Z,u122,Frary
2024-11-18T10:22:08Z,u016,Frary
2024-11-18T10:22:44Z,u445,Frary
2024-11-18T10:23:08Z,u302,Frary
2024-11-18T10:23:18Z,u269,Frary
2024-11-18T10:23:35Z,u092,Frary
2024-11-18T10:23:47Z,u191,Frary
2024-11-18T10:23:55Z,u223,Frary
2024-11-18T10:24:26Z,u475,Frary
2024-11-18T10:24:41Z,u360,Frary
2024-11-18T10:25:04Z,u433,Frary
2024-11-18T10:25:33Z,u281,Frary
2024-11-18T10:26:03Z,u244,Frary
2024-11-18T10:26:33Z,u214,Frary
2024-11-18T10:26:47Z,u261,Frary
2024-11-18T10:26:58Z,u333,Frary
2024-11-18T10:27:31Z,u219,Frary
2024-11-18T10:28:07Z,u299,Frary
2024-11-18T10:28:42Z,u150,Frary
2024-11-18T10:29:08Z,u323,Frary
2024-11-18T10:29:46Z,u172,Frary
2024-11-18T10:30:26Z,u025,Frary
2024-11-18T10:30:39Z,u172,Frary
2024-11-18T10:30:58Z,u245,Frary
2024-11-18T10:31:18Z,u016,Frary
2024-11-18T10:31:35Z,u398,Frary
2024-11-18T10:32:01Z,u174,Frary
2024-11-18T10:32:37Z,u289,Frary
2024-11-18T10:32:52Z,u152,Frary
2024-11-18T10:33:20Z,u200,Frary
2024-11-18T10:33:39Z,u010,Frary
2024-11-18T10:33:52Z,u015,Frary
2024-11-18T10:34:19Z,u480,Frary
2024-11-18T10:34:47Z,u453,Frary
2024-11-18T10:35:25Z,u488,Frary
2024-11-18T10:35:34Z,u204,Frary
2024-11-18T10:35:46Z,u147,Frary
2024-11-18T10:36:23Z,u384,Frary
2024-11-18T10:36:50Z,u256,Frary
2024-11-18T10:37:13Z,u051,Frary
2024-11-18T10:37:35Z,u334,Frary
2024-11-18T10:38:09Z,u090,Frary
2024-11-18T10:38:14Z,u097,Frary
2024-11-18T10:38:51Z,u128,Frary
2024-11-18T10:39:18Z,u284,Frary
2024-11-18T10:39:26Z,u035,Frary
2024-11-18T10:39:41Z,u034,Frary
2024-11-18T10:39:51Z,u356,Frary
2024-11-18T10:40:31Z,u433,Frary
2024-11-18T10:40:50Z,u251,Frary
2024-11-18T10:41:11Z,u440,Frary
2024-11-18T10:41:48Z,u241,Frary
2024-11-18T10:42:12Z,u168,Frary
2024-11-18T10:42:38Z,u209,Frary
2024-11-18T10:43:05Z,u335,Frary
2024-11-18T10:43:16Z,u300,Frary
2024-11-18T10:43:46Z,u147,Frary
2024-11-18T10:44:00Z,u122,Frary
2024-11-18T10:44:08Z,u412,Frary
2024-11-18T10:44:37Z,u376,Frary
2024-11-18T10:45:15Z,u077,Frary
2024-11-18T10:45:46Z,u356,Frary
2024-11-18T10:46:26Z,u500,Frary
2024-11-18T10:46:56Z,u390,Frary
2024-11-18T10:47:14Z,u235,Frary
2024-11-18T10:47:40Z,u385,Frary
2024-11-18T10:48:02Z,u386,Frary
2024-11-18T10:48:32Z,u408,Frary
2024-11-18T10:48:45Z,u111,Frary
2024-11-18T10:49:25Z,u128,Frary
2024-11-18T10:49:58Z,u242,Frary
2024-11-18T10:50:26Z,u042,Frary
2024-11-18T10:50:41Z,u304,Frary
2024-11-18T10:51:12Z,u424,Frary
2024-11-18T10:51:44Z,u422,Frary
2024-11-18T10:52:07Z,u472,Frary
2024-11-18T10:52:45Z,u218,Frary
2024-11-18T10:52:54Z,u172,Frary
2024-11-18T10:53:02Z,u309,Frary
2024-11-18T10:53:42Z,u263,Frary
2024-11-18T10:53:48Z,u338,Frary
2024-11-18T10:53:59Z,u458,Frary
2024-11-18T10:54:36Z,u442,Frary
2024-11-18T10:55:05Z,u472,Frary
2024-11-18T10:55:34Z,u295,Frary
2024-11-18T10:55:48Z,u477,Frary
2024-11-18T10:56:12Z,u211,Frary
2024-11-18T10:56:32Z,u481,Frary
2024-11-18T10:57:02Z,u219,Frary
2024-11-18T10:57:26Z,u204,Frary
2024-11-18T10:57:53Z,u428,Frary
2024-11-18T10:58:08Z,u412,Frary
2024-11-18T10:58:24Z,u227,Frary
2024-11-18T10:58:38Z,u379,Frary
2024-11-18T10:59:11Z,u354,Frary
2024-11-18T10:59:45Z,u279,Frary
2024-11-18T11:00:19Z,u163,Frary
2024-11-18T11:00:48Z,u238,Frary
2024-11-18T11:01:17Z,u439,Frary
2024-11-18T11:01:25Z,u079,Frary
2024-11-18T11:01:42Z,u422,Frary
2024-11-18T11:02:16Z,u166,Frary
2024-11-18T11:02:49Z,u026,Frary
2024-11-18T11:02:58Z,u171,Frary
2024-11-18T11:03:26Z,u428,Frary
2024-11-18T11:04:04Z,u431,Frary
2024-11-18T11:04:44Z,u199,Frary
2024-11-18T11:05:18Z,u083,Frary
2024-11-18T11:05:58Z,u450,Frary
2024-11-18T11:06:05Z,u425,Frary
2024-11-18T11:06:34Z,u126,Frary
2024-11-18T11:07:00Z,u004,Frary
2024-11-18T11:07:14Z,u064,Frary
2024-11-18T11:07:38Z,u394,Frary
2024-11-18T11:07:55Z,u182,Frary
2024-11-18T11:08:11Z,u329,Frary
2024-11-18T11:08:40Z,u093,Frary
2024-11-18T11:08:59Z,u201,Frary
2024-11-18T11:09:16Z,u425,Frary
2024-11-18T11:09:28Z,u331,Frary
2024-11-18T11:09:58Z,u259,Frary
2024-11-18T11:10:15Z,u250,Frary
2024-11-18T11:10:42Z,u355,Frary
2024-11-18T11:11:15Z,u327,Frary
2024-11-18T11:11:24Z,u432,Frary
2024-11-18T11:12:02Z,u333,Frary
2024-11-18T11:12:09Z,u425,Frary
2024-11-18T11:12:30Z,u364,Frary
2024-11-18T11:13:09Z,u353,Frary
2024-11-18T11:13:18Z,u257,Frary
2024-11-18T11:13:35Z,u235,Frary
2024-11-18T11:14:03Z,u142,Frary
2024-11-18T11:14:14Z,u182,Frary
2024-11-18T11:14:41Z,u371,Frary
2024-11-18T11:14:49Z,u012,Frary
2024-11-18T11:15:04Z,u392,Frary
2024-11-18T11:15:30Z,u214,Frary
2024-11-18T11:16:08Z,u455,Frary
2024-11-18T11:16:28Z,u495,Frary
2024-11-18T11:16:51Z,u010,Frary
2024-11-18T11:17:24Z,u293,Frary
2024-11-18T11:17:56Z,u423,Frary
2024-11-18T11:18:10Z,u076,Frary
2024-11-18T11:18:39Z,u099,Frary
2024-11-18T11:18:59Z,u344,Frary
2024-11-18T11:19:33Z,u017,Frary
2024-11-18T11:20:07Z,u415,Frary
2024-11-18T11:20:12Z,u465,Frary
2024-11-18T11:20:20Z,u256,Frary
2024-11-18T11:20:28Z,u143,Frary
2024-11-18T11:20:36Z,u308,Frary
2024-11-18T11:21:13Z,u092,Frary
2024-11-18T11:21:30Z,u317,Frary
2024-11-18T11:21:58Z,u306,Frary
2024-11-18T11:22:12Z,u393,Frary
2024-11-18T11:22:22Z,u170,Frary
2024-11-18T11:22:36Z,u370,Frary
2024-11-18T11:22:55Z,u316,Frary
2024-11-18T11:23:16Z,u103,Frary
2024-11-18T11:23:37Z,u346,Frary
2024-11-18T11:23:55Z,u098,Frary
2024-11-18T11:24:35Z,u163,Frary
2024-11-18T11:24:54Z,u353,Frary
2024-11-18T11:25:30Z,u168,Frary
2024-11-18T11:25:53Z,u136,Frary
2024-11-18T11:26:27Z,u305,Frary
2024-11-18T11:26:46Z,u002,Frary
2024-11-18T11:27:12Z,u035,Frary
2024-11-18T11:27:49Z,u459,Frary
2024-11-18T11:28:16Z,u189,Frary
2024-11-18T11:28:33Z,u329,Frary
2024-11-18T11:28:56Z,u199,Frary
2024-11-18T11:29:31Z,u115,Frary
2024-11-18T11:30:03Z,u090,Frary
2024-11-18T11:30:19Z,u405,Frary
2024-11-18T11:30:43Z,u080,Frary
2024-11-18T11:31:03Z,u092,Frary
2024-11-18T11:31:09Z,u500,Frary
2024-11-18T11:31:25Z,u246,Frary
2024-11-18T11:31:33Z,u122,Frary
2024-11-18T11:31:56Z,u197,Frary
2024-11-18T11:32:06Z,u064,Frary
2024-11-18T11:32:42Z,u371,Frary
2024-11-18T11:33:20Z,u341,Frary
2024-11-18T11:33:59Z,u154,Frary
2024-11-18T11:34:37Z,u391,Frary
2024-11-18T11:35:14Z,u427,Frary
2024-11-18T11:35:53Z,u398,Frary
2024-11-18T11:36:23Z,u241,Frary
2024-11-18T11:36:36Z,u254,Frary
2024-11-18T11:36:49Z,u452,Frary
2024-11-18T11:37:01Z,u435,Frary
2024-11-18T11:37:38Z,u147,Frary
2024-11-18T11:37:46Z,u482,Frary
2024-11-18T11:38:10Z,u150,Frary
2024-11-18T11:38:20Z,u473,Frary
2024-11-18T11:38:58Z,u221,Frary
2024-11-18T11:39:11Z,u216,Frary
2024-11-18T11:39:43Z,u387,Frary
2024-11-18T11:40:12Z,u482,Frary
2024-11-18T11:40:31Z,u229,Frary
2024-11-18T11:40:56Z,u293,Frary
2024-11-18T11:41:27Z,u304,Frary
2024-11-18T11:41:47Z,u113,Frary
2024-11-18T11:42:22Z,u302,Frary
2024-11-18T11:42:59Z,u490,Frary
2024-11-18T11:43:22Z,u067,Frary
2024-11-18T11:43:55Z,u302,Frary
2024-11-18T11:44:28Z,u256,Frary
2024-11-18T11:44:37Z,u419,Frary
2024-11-18T11:44:47Z,u329,Frary
2024-11-18T11:45:19Z,u050,Frary
2024-11-18T11:45:42Z,u053,Frary
2024-11-18T11:45:59Z,u269,Frary
2024-11-18T11:46:35Z,u048,Frary
2024-11-18T11:46:43Z,u395,Frary
2024-11-18T11:47:23Z,u302,Frary
2024-11-18T11:47:43Z,u170,Frary
2024-11-18T11:48:07Z,u202,Frary
2024-11-18T11:48:45Z,u243,Frary
2024-11-18T11:49:03Z,u365,Frary
2024-11-18T11:49:11Z,u250,Frary
2024-11-18T11:49:24Z,u456,Frary
2024-11-18T11:49:50Z,u146,Frary
2024-11-18T11:49:58Z,u218,Frary
2024-11-18T11:50:29Z,u064,Frary
2024-11-18T11:51:05Z,u071,Frary
2024-11-18T11:51:20Z,u232,Frary
2024-11-18T11:51:53Z,u099,Frary
2024-11-18T11:52:05Z,u255,Frary
2024-11-18T11:52:38Z,u477,Frary
2024-11-18T11:53:17Z,u300,Frary
2024-11-18T11:53:40Z,u286,Frary
2024-11-18T11:54:19Z,u367,Frary
2024-11-18T11:54:24Z,u063,Frary
2024-11-18T11:55:02Z,u499,Frary
2024-11-18T11:55:29Z,u230,Frary
2024-11-18T11:56:00Z,u292,Frary
2024-11-18T11:56:35Z,u418,Frary
2024-11-18T11:57:01Z,u379,Frary
2024-11-18T11:57:14Z,u028,Frary
2024-11-18T11:57:40Z,u455,Frary
2024-11-18T11:58:15Z,u036,Frary
2024-11-18T11:58:54Z,u270,Frary
2024-11-18T11:59:33Z,u269,Frary
2024-11-18T12:00:08Z,u122,Frary
2024-11-18T12:00:25Z,u377,Frary
2024-11-18T12:00:57Z,u326,Frary
2024-11-18T12:01:26Z,u281,Frary
2024-11-18T12:01:41Z,u213,Frary
2024-11-18T12:02:14Z,u046,Frary
2024-11-18T12:02:41Z,u333,Frary
2024-11-18T12:02:52Z,u136,Frary
2024-11-18T12:03:13Z,u058,Frary
2024-11-18T12:03:36Z,u419,Frary
2024-11-18T12:03:45Z,u270,Frary
2024-11-18T12:04:17Z,u038,Frary
2024-11-18T12:04:51Z,u415,Frary
2024-11-18T12:05:23Z,u036,Frary
2024-11-18T12:05:53Z,u282,Frary
2024-11-18T12:06:17Z,u159,Frary
2024-11-18T12:06:34Z,u163,Frary
2024-11-18T12:06:45Z,u419,Frary
2024-11-18T12:07:24Z,u405,Frary
2024-11-18T12:07:35Z,u005,Frary
2024-11-18T12:07:43Z,u371,Frary
2024-11-18T12:08:17Z,u437,Frary
2024-11-18T12:08:33Z,u496,Frary
2024-11-18T12:08:59Z,u420,Frary
2024-11-18T12:09:04Z,u479,Frary
2024-11-18T12:09:12Z,u163,Frary
2024-11-18T12:09:50Z,u290,Frary
2024-11-18T12:10:13Z,u280,Frary
2024-11-18T12:10:49Z,u301,Frary
2024-11-18T12:11:29Z,u030,Frary
2024-11-18T12:11:47Z,u161,Frary
2024-11-18T12:12:22Z,u303,Frary
2024-11-18T12:12:37Z,u304,Frary
2024-11-18T12:13:09Z,u422,Frary
2024-11-18T12:13:22Z,u486,Frary
2024-11-18T12:13:56Z,u177,Frary
2024-11-18T12:14:03Z,u168,Frary
2024-11-18T12:14:22Z,u411,Frary
2024-11-18T12:15:01Z,u415,Frary
2024-11-18T12:15:16Z,u331,Frary
2024-11-18T12:15:29Z,u212,Frary
2024-11-18T12:16:03Z,u429,Frary
2024-11-18T12:16:10Z,u006,Frary
2024-11-18T12:16:50Z,u277,Frary
2024-11-18T12:17:00Z,u293,Frary
2024-11-18T12:17:16Z,u325,Frary
2024-11-18T12:17:48Z,u113,Frary
2024-11-18T12:18:04Z,u377,Frary
2024-11-18T12:18:37Z,u158,Frary
2024-11-18T12:19:15Z,u069,Frary
2024-11-18T12:19:33Z,u117,Frary
2024-11-18T12:19:48Z,u480,Frary
2024-11-18T12:20:21Z,u248,Frary
2024-11-18T12:20:40Z,u188,Frary
2024-11-18T12:20:57Z,u364,Frary
2024-11-18T12:21:26Z,u380,Frary
2024-11-18T12:21:59Z,u425,Frary
2024-11-18T12:22:25Z,u306,Frary
2024-11-18T12:23:04Z,u274,Frary
2024-11-18T12:23:14Z,u366,Frary
2024-11-18T12:23:47Z,u320,Frary
2024-11-18T12:24:19Z,u209,Frary
2024-11-18T12:24:57Z,u228,Frary
2024-11-18T12:25:03Z,u029,Frary
2024-11-18T12:25:25Z,u420,Frary
2024-11-18T12:25:42Z,u389,Frary
2024-11-18T12:26:02Z,u397,Frary
2024-11-18T12:26:28Z,u369,Frary
2024-11-18T12:26:48Z,u275,Frary
2024-11-18T12:27:01Z,u160,Frary
2024-11-18T12:27:16Z,u211,Frary
2024-11-18T12:27:35Z,u467,Frary
2024-11-18T12:27:48Z,u111,Frary
2024-11-18T12:28:24Z,u187,Frary
2024-11-18T12:28:54Z,u168,Frary
2024-11-18T12:29:30Z,u447,Frary
2024-11-18T12:30:00Z,u300,Frary
2024-11-18T12:30:23Z,u133,Frary
2024-11-18T12:30:57Z,u039,Frary
2024-11-18T12:31:25Z,u099,Frary
2024-11-18T12:31:35Z,u114,Frary
2024-11-18T12:32:09Z,u459,Frary
2024-11-18T12:32:26Z,u294,Frary
2024-11-18T12:32:33Z,u057,Frary
2024-11-18T12:33:03Z,u451,Frary
2024-11-18T12:33:33Z,u470,Frary
2024-11-18T12:33:52Z,u375,Frary
2024-11-18T12:34:20Z,u146,Frary
2024-11-18T12:34:36Z,u402,Frary
2024-11-18T12:34:47Z,u075,Frary
2024-11-18T12:34:53Z,u446,Frary
2024-11-18T12:35:07Z,u467,Frary
2024-11-18T12:35:15Z,u286,Frary
2024-11-18T12:35:54Z,u080,Frary
2024-11-18T12:36:03Z,u081,Frary
2024-11-18T12:36:16Z,u201,Frary
2024-11-18T12:36:43Z,u421,Frary
2024-11-18T12:37:08Z,u283,Frary
2024-11-18T12:37:37Z,u325,Frary
2024-11-18T12:38:09Z,u475,Frary
2024-11-18T12:38:17Z,u306,Frary
2024-11-18T12:38:32Z,u364,Frary
2024-11-18T12:38:44Z,u279,Frary
2024-11-18T12:39:17Z,u126,Frary
2024-11-18T12:39:44Z,u252,Frary
2024-11-18T12:39:56Z,u074,Frary
2024-11-18T12:40:28Z,u452,Frary
2024-11-18T12:40:48Z,u482,Frary
2024-11-18T12:41:16Z,u051,Frary
2024-11-18T12:41:42Z,u388,Frary
2024-11-18T12:42:06Z,u178,Frary
2024-11-18T12:42:29Z,u437,Frary
2024-11-18T12:42:36Z,u441,Frary
2024-11-18T12:43:15Z,u275,Frary
2024-11-18T12:43:55Z,u436,Frary
2024-11-18T12:44:32Z,u181,Frary
2024-11-18T12:44:52Z,u006,Frary
2024-11-18T12:45:29Z,u415,Frary
2024-11-18T12:45:47Z,u304,Frary
2024-11-18T12:46:15Z,u188,Frary
2024-11-18T12:46:21Z,u014,Frary
2024-11-18T12:46:52Z,u178,Frary
2024-11-18T12:46:57Z,u423,Frary
2024-11-18T12:47:20Z,u084,Frary
2024-11-18T12:47:57Z,u378,Frary
2024-11-18T12:48:16Z,u288,Frary
2024-11-18T12:48:43Z,u157,Frary
2024-11-18T12:49:19Z,u122,Frary
2024-11-18T12:49:24Z,u095,Frary
2024-11-18T12:49:43Z,u347,Frary
2024-11-18T12:50:11Z,u382,Frary
2024-11-18T12:50:24Z,u162,Frary
2024-11-18T12:51:01Z,u241,Frary
2024-11-18T12:51:40Z,u362,Frary
2024-11-18T12:51:57Z,u087,Frary
2024-11-18T12:52:06Z,u345,Frary
2024-11-18T12:52:34Z,u250,Frary
2024-11-18T12:52:46Z,u376,Frary
2024-11-18T12:53:14Z,u447,Frary
2024-11-18T12:53:32Z,u203,Frary
2024-11-18T12:53:49Z,u496,Frary
2024-11-18T12:54:21Z,u132,Frary
2024-11-18T12:54:38Z,u212,Frary
2024-11-18T12:54:46Z,u055,Frary
2024-11-18T12:55:10Z,u302,Frary
2024-11-18T12:55:19Z,u147,Frary
2024-11-18T12:55:26Z,u127,Frary
2024-11-18T12:55:59Z,u053,Frary
2024-11-18T12:56:23Z,u392,Frary
2024-11-18T12:56:31Z,u028,Frary
2024-11-18T12:57:01Z,u304,Frary
2024-11-18T12:57:39Z,u322,Frary
2024-11-18T12:58:03Z,u066,Frary
2024-11-18T12:58:08Z,u140,Frary
2024-11-18T12:58:41Z,u324,Frary
2024-11-18T12:59:14Z,u008,Frary
2024-11-18T12:59:24Z,u151,Frary
2024-11-18T12:59:41Z,u207,Frary
2024-11-18T13:00:04Z,u427,Frary
2024-11-18T13:00:36Z,u021,Frary
2024-11-18T13:00:47Z,u391,Frary
2024-11-18T13:01:00Z,u359,Frary
2024-11-18T13:01:18Z,u058,Frary
2024-11-18T13:01:23Z,u149,Frary
2024-11-18T13:02:02Z,u212,Frary
2024-11-18T13:02:20Z,u403,Frary
2024-11-18T13:02:43Z,u224,Frary
2024-11-18T13:03:09Z,u068,Frary
2024-11-18T13:03:22Z,u493,Frary
2024-11-18T13:03:44Z,u354,Frary
2024-11-18T13:03:54Z,u319,Frary
2024-11-18T13:04:03Z,u275,Frary
2024-11-18T13:04:21Z,u028,Frary
2024-11-18T13:04:55Z,u030,Frary
2024-11-18T13:05:08Z,u106,Frary
2024-11-18T13:05:35Z,u453,Frary
2024-11-18T13:05:44Z,u060,Frary
2024-11-18T13:06:08Z,u449,Frary
2024-11-18T13:06:35Z,u207,Frary
2024-11-18T13:07:13Z,u189,Frary
2024-11-18T13:07:26Z,u499,Frary
2024-11-18T13:07:32Z,u201,Frary
2024-11-18T13:07:40Z,u488,Frary
2024-11-18T13:08:12Z,u204,Frary
2024-11-18T13:08:24Z,u107,Frary
2024-11-18T13:09:01Z,u407,Frary
2024-11-18T13:09:36Z,u377,Frary
2024-11-18T13:09:41Z,u164,Frary
2024-11-18T13:09:57Z,u280,Frary
2024-11-18T13:10:08Z,u242,Frary
2024-11-18T13:10:17Z,u089,Frary
2024-11-18T13:10:22Z,u446,Frary
2024-11-18T13:10:33Z,u150,Frary
2024-11-18T13:10:51Z,u304,Frary
2024-11-18T13:11:21Z,u056,Frary
2024-11-18T13:11:59Z,u222,Frary
2024-11-18T13:12:11Z,u242,Frary
2024-11-18T13:12:26Z,u434,Frary
2024-11-18T13:12:59Z,u079,Frary
2024-11-18T13:13:04Z,u211,Frary
2024-11-18T13:13:32Z,u277,Frary
2024-11-18T13:13:58Z,u414,Frary
2024-11-18T13:14:29Z,u043,Frary
2024-11-18T13:14:52Z,u208,Frary
2024-11-18T13:15:24Z,u415,Frary
2024-11-18T13:15:40Z,u028,Frary
2024-11-18T13:15:45Z,u114,Frary
2024-11-18T13:16:14Z,u171,Frary
2024-11-18T13:16:26Z,u396,Frary
2024-11-18T13:16:36Z,u483,Frary
2024-11-18T13:17:15Z,u026,Frary
2024-11-18T13:17:37Z,u085,Frary
2024-11-18T13:17:49Z,u229,Frary
2024-11-18T13:17:56Z,u330,Frary
2024-11-18T13:18:02Z,u423,Frary
2024-11-18T13:18:17Z,u054,Frary
2024-11-18T13:18:44Z,u386,Frary
